IMG_0128.PNG,840
IMG_0133.PNG,667
IMG_0140.PNG,749
IMG_0144.PNG,669
IMG_0148.PNG,547
IMG_0152.PNG,502
IMG_0157.PNG,631
IMG_0161.PNG,1030
IMG_0228.PNG,821
IMG_0232.PNG,596
IMG_0246.PNG,716
IMG_0250.PNG,787
IMG_0253.PNG,892
IMG_0265.PNG,1057
IMG_0272.PNG,781
IMG_0275.PNG,861
IMG_0329.PNG,805
IMG_0333.PNG,677
IMG_0336.PNG,991
IMG_0340.PNG,597
IMG_0343.PNG,622
IMG_0347.PNG,768
IMG_0350.PNG,1104
IMG_0353.PNG,941
IMG_0402.PNG,988
IMG_0405.PNG,732
IMG_0408.PNG,779
IMG_0411.PNG,763
IMG_0415.PNG,840
IMG_0418.PNG,921
IMG_0421.PNG,799
IMG_0424.PNG,865
IMG_0472.PNG,662
IMG_0475.PNG,722
IMG_0478.PNG,782
IMG_0482.PNG,858
IMG_0485.PNG,811
IMG_0488.PNG,624
IMG_0491.PNG,440
IMG_0494.PNG,822
IMG_0544.PNG,773
IMG_0548.PNG,849
IMG_0551.PNG,578
IMG_0554.PNG,740
IMG_0557.PNG,911
IMG_0560.PNG,994
IMG_0563.PNG,837
IMG_0566.PNG,1073
IMG_1083.PNG,873
IMG_1092.PNG,733
IMG_1104.PNG,1213
IMG_1109.PNG,975
IMG_1119.PNG,977
IMG_1123.PNG,1408
IMG_1128.PNG,1145
IMG_1148.PNG,1409
IMG_1153.PNG,1456
IMG_1158.PNG,1095
IMG_1166.PNG,1097
IMG_1170.PNG,1591
IMG_1174.PNG,969
IMG_1179.PNG,1191
IMG_1204.PNG,981
IMG_1208.PNG,1455
IMG_1212.PNG,1284
IMG_1221.PNG,1739
IMG_1225.PNG,2090
IMG_1255.PNG,2099
IMG_1259.PNG,1909
IMG_1273.PNG,1858
IMG_1277.PNG,1410
IMG_1282.PNG,1849
IMG_1303.PNG,1400
IMG_1308.PNG,1245
IMG_1313.PNG,1302
IMG_1317.PNG,1043
IMG_1322.PNG,1606
IMG_1327.PNG,1614
IMG_1331.PNG,1373
IMG_1336.PNG,1161
IMG_1357.PNG,1378
IMG_1362.PNG,1611
IMG_1367.PNG,2099
IMG_1372.PNG,1984
IMG_1377.PNG,1246
IMG_1382.PNG,1970
IMG_1387.PNG,1532
IMG_1392.PNG,1769
IMG_1413.PNG,1416
IMG_1417.PNG,1221
IMG_1422.PNG,1524
IMG_1427.PNG,1833
IMG_1437.PNG,1636
IMG_1441.PNG,1404
IMG_1470.PNG,1504
IMG_1475.PNG,1972
IMG_1480.PNG,1418
IMG_1485.PNG,1985
IMG_1490.PNG,1908
IMG_1495.PNG,1349
IMG_1500.PNG,2022
IMG_1520.PNG,885
IMG_1525.PNG,947
IMG_1534.PNG,1020
IMG_1544.PNG,1237
IMG_1548.PNG,1421
IMG_1573.PNG,1549
IMG_1579.PNG,1362
IMG_1584.PNG,1514
IMG_1594.PNG,1146
IMG_1599.PNG,1286
IMG_1604.PNG,1312
IMG_1610.PNG,1053
IMG_1631.PNG,1285
IMG_1636.PNG,1277
IMG_1641.PNG,936
IMG_1646.PNG,761
IMG_1650.PNG,936
IMG_1655.PNG,1494
IMG_1660.PNG,1033
IMG_1665.PNG,1095
IMG_1686.PNG,1480
IMG_1691.PNG,1124
IMG_1696.PNG,1774
IMG_1701.PNG,1332
IMG_1706.PNG,976
IMG_1710.PNG,1074
IMG_1715.PNG,1633
IMG_1721.PNG,1784
IMG_1745.PNG,790
IMG_1750.PNG,1203
IMG_1754.PNG,1015
IMG_1759.PNG,797
IMG_1764.PNG,955
IMG_1769.PNG,1239
IMG_1774.PNG,1033
IMG_1794.PNG,1326
IMG_1799.PNG,1416
IMG_1804.PNG,1108
IMG_1808.PNG,593
IMG_1813.PNG,976
IMG_1818.PNG,1414
IMG_1823.PNG,922
IMG_1828.PNG,1065
IMG_1849.PNG,1039
IMG_1854.PNG,802
IMG_1859.PNG,1009
IMG_1863.PNG,649
IMG_1877.PNG,1191
IMG_1881.PNG,507
IMG_1904.PNG,667
IMG_1909.PNG,1452
IMG_1914.PNG,1293
IMG_1925.PNG,761
IMG_1930.PNG,1433
IMG_1936.PNG,975
IMG_1941.PNG,1429
IMG_2016.PNG,1701
IMG_2020.PNG,1720
IMG_2030.PNG,1243
IMG_2260.PNG,1274
