sajit/IMG_0128.PNG,840
sajit/IMG_0133.PNG,667
sajit/IMG_0140.PNG,749
sajit/IMG_0144.PNG,669
sajit/IMG_0148.PNG,547
sajit/IMG_0152.PNG,502
sajit/IMG_0157.PNG,631
sajit/IMG_0161.PNG,1030
sajit/IMG_0228.PNG,821
sajit/IMG_0232.PNG,596
sajit/IMG_0246.PNG,716
sajit/IMG_0250.PNG,787
sajit/IMG_0253.PNG,892
sajit/IMG_0265.PNG,1057
sajit/IMG_0272.PNG,781
sajit/IMG_0275.PNG,861
sajit/IMG_0329.PNG,805
sajit/IMG_0333.PNG,677
sajit/IMG_0336.PNG,991
sajit/IMG_0340.PNG,597
sajit/IMG_0343.PNG,622
sajit/IMG_0347.PNG,768
sajit/IMG_0350.PNG,1104
sajit/IMG_0353.PNG,941
sajit/IMG_0402.PNG,988
sajit/IMG_0405.PNG,732
sajit/IMG_0408.PNG,779
sajit/IMG_0411.PNG,763
sajit/IMG_0415.PNG,840
sajit/IMG_0418.PNG,921
sajit/IMG_0421.PNG,799
sajit/IMG_0424.PNG,865
sajit/IMG_0472.PNG,662
sajit/IMG_0475.PNG,722
sajit/IMG_0478.PNG,782
sajit/IMG_0482.PNG,858
sajit/IMG_0485.PNG,811
sajit/IMG_0488.PNG,624
sajit/IMG_0491.PNG,440
sajit/IMG_0494.PNG,822
sajit/IMG_0544.PNG,773
sajit/IMG_0548.PNG,849
sajit/IMG_0551.PNG,578
sajit/IMG_0554.PNG,740
sajit/IMG_0557.PNG,911
sajit/IMG_0560.PNG,994
sajit/IMG_0563.PNG,837
sajit/IMG_0566.PNG,1073
sajit/IMG_1083.PNG,873
sajit/IMG_1092.PNG,733
sajit/IMG_1104.PNG,1213
sajit/IMG_1109.PNG,975
sajit/IMG_1119.PNG,977
sajit/IMG_1123.PNG,1408
sajit/IMG_1128.PNG,1145
sajit/IMG_1148.PNG,1409
sajit/IMG_1153.PNG,1456
sajit/IMG_1158.PNG,1095
sajit/IMG_1166.PNG,1097
sajit/IMG_1170.PNG,1591
sajit/IMG_1174.PNG,969
sajit/IMG_1179.PNG,1191
sajit/IMG_1204.PNG,981
sajit/IMG_1208.PNG,1455
sajit/IMG_1212.PNG,1284
sajit/IMG_1221.PNG,1739
sajit/IMG_1225.PNG,2090
sajit/IMG_1255.PNG,2099
sajit/IMG_1259.PNG,1909
sajit/IMG_1273.PNG,1858
sajit/IMG_1277.PNG,1410
sajit/IMG_1282.PNG,1849
sajit/IMG_1303.PNG,1400
sajit/IMG_1308.PNG,1245
sajit/IMG_1313.PNG,1302
sajit/IMG_1317.PNG,1043
sajit/IMG_1322.PNG,1606
sajit/IMG_1327.PNG,1614
sajit/IMG_1331.PNG,1373
sajit/IMG_1336.PNG,1161
sajit/IMG_1357.PNG,1378
sajit/IMG_1362.PNG,1611
sajit/IMG_1367.PNG,2099
sajit/IMG_1372.PNG,1984
sajit/IMG_1377.PNG,1246
sajit/IMG_1382.PNG,1970
sajit/IMG_1387.PNG,1532
sajit/IMG_1392.PNG,1769
sajit/IMG_1413.PNG,1416
sajit/IMG_1417.PNG,1221
sajit/IMG_1422.PNG,1524
sajit/IMG_1427.PNG,1833
sajit/IMG_1437.PNG,1636
sajit/IMG_1441.PNG,1404
sajit/IMG_1470.PNG,1504
sajit/IMG_1475.PNG,1972
sajit/IMG_1480.PNG,1418
sajit/IMG_1485.PNG,1985
sajit/IMG_1490.PNG,1908
sajit/IMG_1495.PNG,1349
sajit/IMG_1500.PNG,2022
sajit/IMG_1520.PNG,885
sajit/IMG_1525.PNG,947
sajit/IMG_1534.PNG,1020
sajit/IMG_1544.PNG,1237
sajit/IMG_1548.PNG,1421
sajit/IMG_1573.PNG,1549
sajit/IMG_1579.PNG,1362
sajit/IMG_1584.PNG,1514
sajit/IMG_1594.PNG,1146
sajit/IMG_1599.PNG,1286
sajit/IMG_1604.PNG,1312
sajit/IMG_1610.PNG,1053
sajit/IMG_1631.PNG,1285
sajit/IMG_1636.PNG,1277
sajit/IMG_1641.PNG,936
sajit/IMG_1646.PNG,761
sajit/IMG_1650.PNG,936
sajit/IMG_1655.PNG,1494
sajit/IMG_1660.PNG,1033
sajit/IMG_1665.PNG,1095
sajit/IMG_1686.PNG,1480
sajit/IMG_1691.PNG,1124
sajit/IMG_1696.PNG,1774
sajit/IMG_1701.PNG,1332
sajit/IMG_1706.PNG,976
sajit/IMG_1710.PNG,1074
sajit/IMG_1715.PNG,1633
sajit/IMG_1721.PNG,1784
sajit/IMG_1745.PNG,790
sajit/IMG_1750.PNG,1203
sajit/IMG_1754.PNG,1015
sajit/IMG_1759.PNG,797
sajit/IMG_1764.PNG,955
sajit/IMG_1769.PNG,1239
sajit/IMG_1774.PNG,1033
sajit/IMG_1794.PNG,1326
sajit/IMG_1799.PNG,1416
sajit/IMG_1804.PNG,1108
sajit/IMG_1808.PNG,593
sajit/IMG_1813.PNG,976
sajit/IMG_1818.PNG,1414
sajit/IMG_1823.PNG,922
sajit/IMG_1828.PNG,1065
sajit/IMG_1849.PNG,1039
sajit/IMG_1854.PNG,802
sajit/IMG_1859.PNG,1009
sajit/IMG_1863.PNG,649
sajit/IMG_1877.PNG,1191
sajit/IMG_1881.PNG,507
sajit/IMG_1904.PNG,667
sajit/IMG_1909.PNG,1452
sajit/IMG_1914.PNG,1293
sajit/IMG_1925.PNG,761
sajit/IMG_1930.PNG,1433
sajit/IMG_1936.PNG,975
sajit/IMG_1941.PNG,1429
sajit/IMG_2016.PNG,1701
sajit/IMG_2020.PNG,1720
sajit/IMG_2030.PNG,1243
sajit/IMG_2260.PNG,1274
